path,id,subdir
AClassicEducation_NightOwl,0,MedleyDB
AimeeNorwich_Child,1,MedleyDB
AimeeNorwich_Flying,2,MedleyDB
AlexanderRoss_GoodbyeBolero,3,MedleyDB
AlexanderRoss_VelvetCurtain,4,MedleyDB
Allegria_MendelssohnMovement1,5,MedleyDB
AmadeusRedux_MozartAllegro,6,MedleyDB
AmadeusRedux_SchubertMovement2,7,MedleyDB
AmadeusRedux_SchubertMovement3,8,MedleyDB
AmarLal_SpringDay1,9,MedleyDB
Auctioneer_OurFutureFaces,10,MedleyDB
AvaLuna_Waterduct,11,MedleyDB
BarefootSisters_RedJetta,12,MedleyDB
BigTroubles_Phantom,13,MedleyDB
BrandonWebster_DontHearAThing,14,MedleyDB
BrandonWebster_YesSirICanFly,15,MedleyDB
CassandraJenkins_PerfectDay,16,MedleyDB
CatMartino_IPromise,17,MedleyDB
Cayetana_MissThing,18,MedleyDB
CelestialShore_DieForUs,19,MedleyDB
ChrisJacoby_BoothShotLincoln,20,MedleyDB
ChrisJacoby_PigsFoot,21,MedleyDB
ClaraBerryAndWooldog_AirTraffic,22,MedleyDB
ClaraBerryAndWooldog_TheBadGuys,23,MedleyDB
ClaraBerryAndWooldog_WaltzForMyVictims,24,MedleyDB
Creepoid_OldTree,25,MedleyDB
CroqueMadame_Oil,26,MedleyDB
CroqueMadame_Pilot,27,MedleyDB
DahkaBand_SoldierMan,28,MedleyDB
DeadMilkmen_PrisonersCinema,29,MedleyDB
Debussy_LenfantProdigue,30,MedleyDB
DeclareAString_MendelssohnPianoTrio1Movement1,31,MedleyDB
DreamersOfTheGhetto_HeavyLove,32,MedleyDB
EthanHein_1930sSynthAndUprightBass,33,MedleyDB
EthanHein_BluesForNofi,34,MedleyDB
EthanHein_GirlOnABridge,35,MedleyDB
EthanHein_HarmonicaFigure,36,MedleyDB
FacesOnFilm_WaitingForGa,37,MedleyDB
FallingSparks_Improvisation1,38,MedleyDB
FallingSparks_Improvisation3,39,MedleyDB
FallingSparks_PakKlongTalad,40,MedleyDB
FamilyBand_Again,41,MedleyDB
FennelCartwright_DearTessie,42,MedleyDB
FennelCartwright_FlowerDrumSong,43,MedleyDB
FennelCartwright_WinterLake,44,MedleyDB
FilthyBird_IdLikeToKnow,45,MedleyDB
FruitCathedral_KeepMeRunnin,46,MedleyDB
Grants_PunchDrunk,47,MedleyDB
Handel_TornamiAVagheggiar,48,MedleyDB
HezekiahJones_BorrowedHeart,49,MedleyDB
HopAlong_SisterCities,50,MedleyDB
HopsNVinyl_ChickenFriedSteak,51,MedleyDB
HopsNVinyl_HoneyBrown,52,MedleyDB
HopsNVinyl_ReignCheck,53,MedleyDB
HopsNVinyl_WidowsWalk,54,MedleyDB
InvisibleFamiliars_DisturbingWildlife,55,MedleyDB
JoelHelander_ExcessiveResistancetoChange,56,MedleyDB
JoelHelander_IntheAtticBedroom,57,MedleyDB
Karachacha_Volamos,58,MedleyDB
KarimDouaidy_Hopscotch,59,MedleyDB
KarimDouaidy_Yatora,60,MedleyDB
Katzn_CharlieKnox,61,MedleyDB
LewisAndClarke_TheSilverSea,62,MedleyDB
LittleTybee_TheAlchemist,63,MedleyDB
LizNelson_Coldwar,64,MedleyDB
LizNelson_ImComingHome,65,MedleyDB
LizNelson_Rainfall,66,MedleyDB
MatthewEntwistle_AnEveningWithOliver,67,MedleyDB
MatthewEntwistle_DontYouEver,68,MedleyDB
MatthewEntwistle_FairerHopes,69,MedleyDB
MatthewEntwistle_ImpressionsOfSaturn,70,MedleyDB
MatthewEntwistle_Lontano,71,MedleyDB
MatthewEntwistle_ReturnToVenezia,72,MedleyDB
MatthewEntwistle_TheArch,73,MedleyDB
MatthewEntwistle_TheFlaxenField,74,MedleyDB
Meaxic_TakeAStep,75,MedleyDB
Meaxic_YouListen,76,MedleyDB
MichaelKropf_AllGoodThings,77,MedleyDB
MidnightBlue_HuntingSeason,78,MedleyDB
MidnightBlue_StarsAreScreaming,79,MedleyDB
Mozart_BesterJungling,80,MedleyDB
Mozart_DiesBildnis,81,MedleyDB
MusicDelta_80sRock,82,MedleyDB
MusicDelta_BebopJazz,83,MedleyDB
MusicDelta_Beethoven,84,MedleyDB
MusicDelta_ChineseChaoZhou,85,MedleyDB
MusicDelta_ChineseDrama,86,MedleyDB
MusicDelta_ChineseHenan,87,MedleyDB
MusicDelta_ChineseJiangNan,88,MedleyDB
MusicDelta_ChineseXinJing,89,MedleyDB
MusicDelta_ChineseYaoZu,90,MedleyDB
MusicDelta_CoolJazz,91,MedleyDB
MusicDelta_Country2,92,MedleyDB
MusicDelta_FreeJazz,93,MedleyDB
MusicDelta_FunkJazz,94,MedleyDB
MusicDelta_FusionJazz,95,MedleyDB
MusicDelta_Gospel,96,MedleyDB
MusicDelta_GriegTrolltog,97,MedleyDB
MusicDelta_Hendrix,98,MedleyDB
MusicDelta_InTheHalloftheMountainKing,99,MedleyDB
MusicDelta_LatinJazz,100,MedleyDB
MusicDelta_ModalJazz,101,MedleyDB
MusicDelta_Pachelbel,102,MedleyDB
MusicDelta_Reggae,103,MedleyDB
MusicDelta_Shadows,104,MedleyDB
MusicDelta_SpeedMetal,105,MedleyDB
MusicDelta_SwingJazz,106,MedleyDB
MusicDelta_Vivaldi,107,MedleyDB
MusicDelta_Zeppelin,108,MedleyDB
MutualBenefit_NotForNothing,109,MedleyDB
NightPanther_Fire,110,MedleyDB
PatternIsMovement_SaveMe,111,MedleyDB
PeterMatthewBauer_YouAlwaysLookForSomeoneLost,112,MedleyDB
Phoenix_BrokenPledgeChicagoReel,113,MedleyDB
Phoenix_ColliersDaughter,114,MedleyDB
Phoenix_ElzicsFarewell,115,MedleyDB
Phoenix_LarkOnTheStrandDrummondCastle,116,MedleyDB
Phoenix_ScotchMorris,117,MedleyDB
Phoenix_SeanCaughlinsTheScartaglen,118,MedleyDB
Plasma_GoodShout,119,MedleyDB
PoliceHearingDepartment_Brahms,120,MedleyDB
PoliceHearingDepartment_SchumannMovement1,121,MedleyDB
PoliceHearingDepartment_SchumannMovement2,122,MedleyDB
PoliceHearingDepartment_VivaldiMovement1,123,MedleyDB
PoliceHearingDepartment_VivaldiMovement2,124,MedleyDB
PoliceHearingDepartment_VivaldiMovement3,125,MedleyDB
PortStWillow_StayEven,126,MedleyDB
PurlingHiss_Lolita,127,MedleyDB
QuantumChromos_Circuits,128,MedleyDB
RodrigoBonelli_BalladForLaura,129,MedleyDB
SasquatchConnection_BoomBoxing,130,MedleyDB
SasquatchConnection_HolyClamsBatman,131,MedleyDB
SasquatchConnection_Illuminati,132,MedleyDB
SasquatchConnection_Struttin,133,MedleyDB
SasquatchConnection_ThanksALatte,134,MedleyDB
Schubert_Erstarrung,135,MedleyDB
Schumann_Mignon,136,MedleyDB
SecretMountains_HighHorse,137,MedleyDB
SlowGhost_FirstSnow,138,MedleyDB
SlowGhost_MidnightGroove,139,MedleyDB
SlowGhost_Peanut,140,MedleyDB
SlowGhost_YoureAMystery,141,MedleyDB
Snowmine_Curfews,142,MedleyDB
SongYiJeon_TwoMoons,143,MedleyDB
StevenClark_Bounty,144,MedleyDB
StrandOfOaks_Spacestation,145,MedleyDB
Sweat_AlmostAlways,146,MedleyDB
Sweat_Anecdoche,147,MedleyDB
Sweat_Elegy,148,MedleyDB
Sweat_Sn1572,149,MedleyDB
Sweat_Tact,150,MedleyDB
SweetLights_YouLetMeDown,151,MedleyDB
TablaBreakbeatScience_Animoog,152,MedleyDB
TablaBreakbeatScience_CaptainSky,153,MedleyDB
TablaBreakbeatScience_MiloVsMongo,154,MedleyDB
TablaBreakbeatScience_MoodyPlucks,155,MedleyDB
TablaBreakbeatScience_RockSteady,156,MedleyDB
TablaBreakbeatScience_Scorpio,157,MedleyDB
TablaBreakbeatScience_Vger,158,MedleyDB
TablaBreakbeatScience_WhoIsIt,159,MedleyDB
TemperedElan_DorothyJeanne,160,MedleyDB
TemperedElan_WiseOne,161,MedleyDB
TheDistricts_Vermont,162,MedleyDB
TheFranckDuo_FranckViolinSonataInAMajorMovement2,163,MedleyDB
TheKitchenettes_Alive,164,MedleyDB
TheNoHoStringOrchestra_ElgarMovement1,165,MedleyDB
TheNoHoStringOrchestra_ElgarMovement2,166,MedleyDB
TheNoHoStringOrchestra_ElgarMovement3,167,MedleyDB
TheScarletBrand_LesFleursDuMal,168,MedleyDB
TheSoSoGlos_Emergency,169,MedleyDB
TheTonTons_Lush,170,MedleyDB
TleilaxEnsemble_Late,171,MedleyDB
TleilaxEnsemble_MelancholyFlowers,172,MedleyDB
Torres_NewSkin,173,MedleyDB
TrevorAndTheSoundwaves_AloneAndSad,174,MedleyDB
Verdi_IlTrovatore,175,MedleyDB
Wolf_DieBekherte,176,MedleyDB
f0101ed8-7c32-4744-8b2a-1b621cb4833b,177,MoisesDB
1afe1b3b-3e2e-48d3-b859-f50e222cbaf4,178,MoisesDB
88b545e5-4d06-4d55-a306-1bd3a2915ee5,179,MoisesDB
f76e2c13-9a9a-4cac-b6dd-45b5111aac6d,180,MoisesDB
33b1d4e9-96d7-4b18-9ffc-199c579aad78,181,MoisesDB
2b4e8304-c92d-4347-b09e-cfb9b3e29bf2,182,MoisesDB
adb5e3fd-d039-42e4-b09b-fd0784fa0c82,183,MoisesDB
ed7576a1-2fed-4736-8368-74ac347a0718,184,MoisesDB
63b68795-0076-476b-a917-dec9e89bf91e,185,MoisesDB
825f697d-5fcd-4429-ba33-23163c726ca7,186,MoisesDB
8ba20549-c038-47c0-a808-e38741135911,187,MoisesDB
0d528a19-cb0f-4421-b250-444f9343e51c,188,MoisesDB
bb45cf1a-4c58-4fe3-88ea-97ef27527507,189,MoisesDB
49ed7cef-8ffb-4833-bc96-6df7b8ff5b43,190,MoisesDB
bd065894-3521-415f-b39f-5a6980f024fb,191,MoisesDB
ea898682-08e7-4818-b516-8c0e10a4c20a,192,MoisesDB
e4de8632-6f69-4c63-8081-f4c2b77b40df,193,MoisesDB
35983cdd-3903-46cb-b184-f96274ced57b,194,MoisesDB
ca080447-fe99-4f6d-98c9-c69b68dacba3,195,MoisesDB
06bfc6e7-e5ac-4827-bf8e-ffaf1675872f,196,MoisesDB
793b98a0-c776-4943-87eb-b7e07e50f531,197,MoisesDB
9ac2612b-e25f-4d27-8d43-b957e7e5a74b,198,MoisesDB
334ed0e5-1761-4ee9-9d39-a555eb9b64a0,199,MoisesDB
f9a1d21b-bfc7-45e1-b744-c57d0a0880c3,200,MoisesDB
cc7f7675-d3c8-4a49-a2d7-a8959b694004,201,MoisesDB
524ab371-f6c6-4ff7-b896-e83750c8bef7,202,MoisesDB
3a6023c3-4cd8-46c0-a376-d353743648a9,203,MoisesDB
169628c5-266d-4e11-993b-440fa5fa2167,204,MoisesDB
01c8ba69-8eee-485b-bab0-41a76f9e8892,205,MoisesDB
75be2864-8b5f-45a1-ae09-6ba10f070f33,206,MoisesDB
046ab651-a333-46e1-9d27-ab14ee036c42,207,MoisesDB
390b4fea-92be-4fe3-9576-86529f80b4ae,208,MoisesDB
8f36f17f-c033-4c1b-a793-80dce43d507b,209,MoisesDB
125fc63d-9b69-4170-a46a-42c91bc28446,210,MoisesDB
13f233aa-a2e5-4683-8533-2f1e344b55b4,211,MoisesDB
d2401d3d-967c-46be-b9a0-3da571105158,212,MoisesDB
89c515c9-5e93-4cb4-9806-20432d2d074d,213,MoisesDB
014f3712-293b-42af-9f29-0ed1785be792,214,MoisesDB
afca84b2-0277-4b1b-8696-5f14543f338c,215,MoisesDB
a1dcaeb2-f4e6-4818-b490-09f44d624afc,216,MoisesDB
faad432d-6ad0-492d-96f1-321eeb9685b5,217,MoisesDB
9ce23a79-20eb-431a-80d2-eda3260ef503,218,MoisesDB
152d4f5d-4093-4fa4-a4a4-8a9b3502d89d,219,MoisesDB
05e7af85-9721-4b42-952a-ccd34feb6033,220,MoisesDB
b876b54b-6007-4d36-a6f4-efed8829d5fc,221,MoisesDB
e3ab3975-033b-40e2-b538-09396b3d4244,222,MoisesDB
9653a690-c28c-4e8f-962e-ff7ed18b8ee9,223,MoisesDB
3c557409-3a34-43c2-9159-5421bbad5ecb,224,MoisesDB
36ee7fc6-604c-4a75-b4f0-0a9ceef3b9cb,225,MoisesDB
1ade22ad-99bc-4954-b2b9-fb9e8fa06d41,226,MoisesDB
c6d73235-1dd5-4085-a3b3-50a3466c6168,227,MoisesDB
1f98fe4d-26c7-460f-9f68-33964bc4d8d3,228,MoisesDB
312bec8d-1c61-43e0-924a-1fb87ddc3e41,229,MoisesDB
bc964128-da16-4e4c-af95-4d1211e78c70,230,MoisesDB
8a307c5d-9d65-4f1c-a024-5eaeff1faa34,231,MoisesDB
215391aa-1168-42dd-9cab-f8b0c6ff566b,232,MoisesDB
95378cf3-e939-42e0-b486-ebf2ca951664,233,MoisesDB
045dcfd1-e960-4332-80cc-fdacc4a7c6a7,234,MoisesDB
73efd911-79c3-4235-a4ae-45b41d6997b9,235,MoisesDB
737356b2-ce9c-448b-877b-e42b3ed94563,236,MoisesDB
bdcc429e-ed95-40d3-a1af-bad268d66b25,237,MoisesDB
05b0ab77-2495-438d-8831-e3d81f96c16d,238,MoisesDB
8e2d0c5c-6764-4d74-a740-391d7931ffd7,239,MoisesDB
6c70d5e0-5972-444a-86f8-a558dbb92d92,240,MoisesDB
704f1de9-1d02-4c2b-af05-107a7700a51d,241,MoisesDB
22ea41a3-1766-4a76-8071-380b27f1869a,242,MoisesDB
e9336d31-c0df-4c91-be2b-7c4420c9cd34,243,MoisesDB
e2e4ce50-cd0d-4144-809d-4cf8c8e4912e,244,MoisesDB
f0c565c5-fc73-4da1-b979-0fac0167f671,245,MoisesDB
16fb6c39-3834-4cfc-abf4-abb4a8d4646c,246,MoisesDB
43ca388d-3e62-4df2-b72d-abf407a7aa5a,247,MoisesDB
d4262245-3143-4c05-8423-6cbdc6253042,248,MoisesDB
7180bffa-dd48-49b9-bc02-f6e3f7f165b0,249,MoisesDB
d45bb3a6-eb80-44b3-b2ef-56cc9d5b4914,250,MoisesDB
0e0d57cd-8662-4091-86d4-ed3e35d04ef6,251,MoisesDB
c70471f9-9c4a-41c9-b8f8-20ac38847a8e,252,MoisesDB
11845abc-8ca3-4fb2-bd84-521aeeff56f4,253,MoisesDB
fe3ae408-d35f-4c17-aa33-402238725a9d,254,MoisesDB
f4b735de-14b1-4091-a9ba-c8b30c0740a7,255,MoisesDB
3e656eec-84d4-4a45-b410-d3817d849f92,256,MoisesDB
7a9f3169-7bdf-483c-9634-8e5b097d50df,257,MoisesDB
c228818e-eabe-434b-9d60-2fb84a6c5b2a,258,MoisesDB
c2ba72ec-cf74-4155-a7c1-ddd921ac41d3,259,MoisesDB
aa600069-0a98-45e6-94fa-4000bfe46c25,260,MoisesDB
c8f42ad5-5a2f-4398-b9d9-207fd4fcc551,261,MoisesDB
765d5131-afd9-4ad7-8786-8bef5705c1c2,262,MoisesDB
2c020edb-5947-4fa7-afea-ebc592cea683,263,MoisesDB
8804c154-6294-481a-ad63-bc61162cae2f,264,MoisesDB
6de41c50-0c49-4528-b60b-75c45d3630f4,265,MoisesDB
7e74ce11-1603-440b-8794-b6e665b917e1,266,MoisesDB
baea951d-526a-49aa-8329-c8de676341fb,267,MoisesDB
06114cc2-e34d-4f8f-82d3-cf6981572f2f,268,MoisesDB
ad6c3742-e517-42eb-9dec-e74ed05387cc,269,MoisesDB
ee082817-dbda-4fbf-b5aa-8dce2320ae35,270,MoisesDB
58efddfb-04b3-4951-858e-e7dbcfccfc21,271,MoisesDB
bb6d72a2-63ba-405e-a2c1-c7442b4190bb,272,MoisesDB
c8752696-4ae5-4e47-b2ad-622496966fa9,273,MoisesDB
7ba734f0-547e-4142-a9b4-01a0c25b9d1f,274,MoisesDB
3a047d1a-f56d-4bf4-9910-f4f77206e53d,275,MoisesDB
48c78ca6-18e9-42f2-9f05-fdbee90a7786,276,MoisesDB
bc1f2967-f834-43bd-aadc-95afc897cfe7,277,MoisesDB
1a32e987-cae8-458f-9c26-d9a6abf5348d,278,MoisesDB
6cd44645-ed19-4ecc-a57c-58d400005b29,279,MoisesDB
e2ccbc17-44bf-431a-af2b-4cf2fbd19a72,280,MoisesDB
3c3b5fdb-f15e-4ba4-884a-b083ce2426c6,281,MoisesDB
2e5d996d-43f3-4359-b7c5-afebe9997556,282,MoisesDB
0a589d65-50a3-4999-8f16-b5b6199bceee,283,MoisesDB
b207da3d-4baf-485a-98e1-657602479b3a,284,MoisesDB
04204031-4f98-44ba-9c47-98c2f2e6b8fc,285,MoisesDB
5a6df5c7-a58a-479e-bdfb-c5946c221933,286,MoisesDB
07c17c22-a321-4a98-a486-ef7ee1bae50e,287,MoisesDB
322f4d9d-b0c9-4ab3-9e30-544a25331ffd,288,MoisesDB
e62afdcd-0c96-4bee-80c7-1c17b897a6d7,289,MoisesDB
e1108928-9776-434c-bc57-c32dfdb7839c,290,MoisesDB
9c8a5c66-f6d8-4425-8671-6b7aa6a2663b,291,MoisesDB
2a3fd99d-c86f-4275-9321-ad7146364503,292,MoisesDB
d7d28204-a8ac-4c2b-bb3c-c941f4a00b85,293,MoisesDB
6e50565e-8179-4913-af54-a2a7f0dcab2f,294,MoisesDB
b8d6f3eb-f2d6-4342-af90-6d09f5257b6b,295,MoisesDB
d8f0e410-5761-4d4a-9000-effe11089bbd,296,MoisesDB
606e3380-b062-4b74-88ac-b60d6f4d0a37,297,MoisesDB
028c6f6a-f4f6-4795-84f2-a81222b38e7e,298,MoisesDB
e37cdb09-e648-4e9b-bc06-d178a964161c,299,MoisesDB
444fcc6d-1ad1-4584-b3e5-bf3f4f613c8f,300,MoisesDB
763641c7-488f-4959-a554-fdbce9582644,301,MoisesDB
ebea0f1d-8e23-469e-8eed-5269a9c684f0,302,MoisesDB
24f8a652-0168-4702-8725-42f9924e6729,303,MoisesDB
69dff382-cfcb-457c-98e5-978450e1b76a,304,MoisesDB
d890ff35-300d-49f2-8054-49ab47262987,305,MoisesDB
3e41f238-7c48-4a42-ba70-5ee39824a844,306,MoisesDB
3f5233cb-57fa-4772-b389-f295a6f416ae,307,MoisesDB
72c6f013-11ea-4bf7-93b2-c6ef2c117718,308,MoisesDB
6681f493-c996-424a-9bdb-c671912ea9db,309,MoisesDB
f9e58f4d-e361-4598-9c9a-d0a83529cc68,310,MoisesDB
fd6e4b4a-f33a-4f3c-aa6e-7c65fd5dc0bc,311,MoisesDB
aefc1609-976b-423e-8516-f7d588d64ff7,312,MoisesDB
d4df499c-e394-4753-b459-e167e6a58bad,313,MoisesDB
bacbb01f-b877-4d62-8050-992f1d85543a,314,MoisesDB
dbb07bdc-2706-4e67-8b59-43f98cf1608a,315,MoisesDB
87a5da23-f17b-44da-accf-c04832f81a14,316,MoisesDB
78ef22ce-472f-4f82-8656-16df73b9465f,317,MoisesDB
8b83ba75-5e35-48c4-b42f-5419da2e6301,318,MoisesDB
747d5c98-665b-4470-a696-7a6cf6968ef1,319,MoisesDB
6a67c964-4514-4bdd-86d4-e290e67ab593,320,MoisesDB
25be35fb-ab11-485c-9b71-4fcb46ef3c2a,321,MoisesDB
30cfc60a-5a57-4000-a05e-65006c8f6f74,322,MoisesDB
aaf0fc7b-d7f5-412c-b3b9-313a7c483666,323,MoisesDB
ea29ab4d-7f72-4331-b2a4-d3945c754211,324,MoisesDB
7bfa233c-24ed-4c7a-9096-11e3aa00c55d,325,MoisesDB
49478a32-483f-48d2-a594-d272b44bf587,326,MoisesDB
9f581867-9f63-4ec4-8a43-e62c3c4230a6,327,MoisesDB
04798708-6915-4dbc-842e-d394d545d4eb,328,MoisesDB
8042b88a-6179-406b-9ec4-b45a4cdd4a71,329,MoisesDB
b92cb1ca-baa9-4c74-b6dc-36389671ed76,330,MoisesDB
bbf40b5a-8ef9-4aec-a6c3-8b8706eb2ba0,331,MoisesDB
b8a79d39-346e-4258-a810-572b3b2c9ab1,332,MoisesDB
4b9f86f4-23e4-458b-839e-8a63b584bea3,333,MoisesDB
2d39a32d-5993-4f66-89ff-bf9dabb8e45b,334,MoisesDB
260c431b-72d4-4ac6-bae5-ee49ce5c0fe4,335,MoisesDB
8a6c9c1f-4865-404f-a805-1949de36a33c,336,MoisesDB
212bb137-fd01-465e-80f3-a890fb0ebcdd,337,MoisesDB
02ee37da-eea3-42b4-83bf-ab7f243afa13,338,MoisesDB
8ce11544-9a6f-4f1e-ac2f-fc10343f15c8,339,MoisesDB
64549dc5-4104-4f8c-bce1-560d44e94562,340,MoisesDB
1921a83e-0373-4bf7-8dc9-6cc9401c9309,341,MoisesDB
3e7985e5-408f-4cf8-92b9-b9f62f738dd3,342,MoisesDB
dfb0e076-cb6b-4dcc-9934-c60070ff04d7,343,MoisesDB
bdd109ec-d5dd-4d91-92ad-66b679518026,344,MoisesDB
d4fe2408-c123-4739-93bb-22f558ae99d7,345,MoisesDB
4999a0bf-a753-4e0e-85b1-690259dabf96,346,MoisesDB
553048ce-7afd-4e0e-b4cb-4896620287a1,347,MoisesDB
46bc5393-7753-44ae-913b-bd5fa8f33e98,348,MoisesDB
25789239-1075-43b9-bfc9-51dff4a29590,349,MoisesDB
92ba4404-76ff-4523-a787-652057e06c13,350,MoisesDB
28748b6e-6125-42f7-998d-2ad734e39b6c,351,MoisesDB
810d7318-4c9e-4160-b147-bbdb65d41861,352,MoisesDB
6ceda40a-88bc-4e98-87c3-dd5c91725d41,353,MoisesDB
35a19148-49bf-451d-9a0e-5ab8e914c367,354,MoisesDB
fcd1937f-2b21-4a78-889a-7b7e63e0ebdd,355,MoisesDB
3e389000-8fdc-4b63-b8b8-ab044273790d,356,MoisesDB
7524054e-dc67-47e0-8c26-ea1d4d70d2fb,357,MoisesDB
491c1ff5-1e7b-4046-8029-a82d4a8aefb4,358,MoisesDB
04f22a24-b328-47aa-8251-ce3ae8a64c07,359,MoisesDB
8427760a-b82e-4136-8f12-dfd53cad9bc9,360,MoisesDB
cda46831-26d1-4dd8-ac50-6004d27d45dd,361,MoisesDB
6b48c9de-fa34-4635-9718-04e01a03a0fe,362,MoisesDB
07fb2df2-91d6-458d-9230-9638b4edac08,363,MoisesDB
93dda0e8-dd76-49e4-b08f-54a82387cdf6,364,MoisesDB
2973adc9-6bf8-4422-9f7a-6fd0038eb565,365,MoisesDB
58fa04aa-426f-4e16-a112-29eb6e2f2d3e,366,MoisesDB
d624037a-1a76-4dd9-9e60-4ba380748a0b,367,MoisesDB
5f04798d-c7be-4b8a-90bd-1fcd9946e875,368,MoisesDB
dc61c44e-a771-47a9-8934-a0eb8f3e08ac,369,MoisesDB
a0b9a4e4-51f5-4c98-a090-0317fb891056,370,MoisesDB
cc3e4991-6cce-40fe-a917-81a4fbb92ea6,371,MoisesDB
4cbd6c36-87a2-4d50-86e3-52d39b98fad3,372,MoisesDB
6031b120-f6e2-4999-96ba-a1e31be68ea8,373,MoisesDB
97b07e0e-274e-4212-a66b-44210a48724d,374,MoisesDB
ad9bbefc-8762-46c9-b847-da14b10802b6,375,MoisesDB
cff5bcde-6a15-4c5b-b529-e1c528c46335,376,MoisesDB
53808b95-cfe9-461d-a113-ffadf32817a1,377,MoisesDB
378742ba-5ba8-44c2-9cfd-8a609decca57,378,MoisesDB
21ce1331-6066-4ff4-9a54-f6f62bb5fb0d,379,MoisesDB
c2330200-ad8e-4848-8c2b-b70612f4b80e,380,MoisesDB
1ee489e8-55ad-4d4a-8277-24051b85c02d,381,MoisesDB
fa46f72c-696d-45bc-bcc5-2b3305800565,382,MoisesDB
ef1510e0-ba23-4b59-ba53-14181d73f213,383,MoisesDB
5640831d-7853-4d06-8166-988e2844b652,384,MoisesDB
d028d7c2-45c1-4846-b7df-4964238fd460,385,MoisesDB
2dc237cd-1637-46f0-8f58-ca68dc6f6031,386,MoisesDB
9eb8bc50-cffb-4c19-be0e-d27423e3e102,387,MoisesDB
de22c812-b5c3-4c7d-92aa-f62faf8b63f7,388,MoisesDB
4380ad97-2620-4419-a011-ddfa29a87f54,389,MoisesDB
731893c6-67b9-42f0-aea6-d1f70c2c9870,390,MoisesDB
89f2c781-5c67-4508-a2d6-236744b8c197,391,MoisesDB
